AirBnB,Number of bedrooms,Guest reviews,Length of stay,Income Per Week($)
Fritsch Inc,6,5,56,9105
Dietrich Inc,2,1,2,4053
Rau Inc,5,5,18,593
Bruen and Sons,3,1,54,291
"Hilll, Rodriguez and Rohan",8,4,6,9067
"Mann, Will and Ortiz",4,3,93,963
DuBuque LLC,2,2,45,9041
"Goldner, Rohan and Cormier",4,4,45,7384
Kihn-Carroll,6,4,10,6838
Purdy Inc,4,2,41,9745
Cormier Group,6,3,14,6124
"Fadel, Bauch and Lehner",8,2,80,9465
"Lubowitz, Parisian and Nikolaus",3,4,80,9449
"Streich, Lubowitz and Farrell",3,3,6,1362
"Dibbert, Torphy and Schuppe",10,4,2,2629
Gleichner LLC,7,3,41,3936
"Bergnaum, Ziemann and Crist",5,4,89,3590
"Nolan, Blanda and Ernser",1,5,79,9426
Parker-Goyette,12,1,54,5514
Feeney and Sons,9,4,29,5125
Flatley-Strosin,5,1,74,3770
"Doyle, Zemlak and Feil",1,3,96,1186
Jones-Walsh,4,1,37,3857
Schinner-Krajcik,12,2,82,2237
Luettgen and Sons,4,1,86,9512
Hermann Group,10,3,11,5321
"Heathcote, Howell and Reichert",7,5,84,2573
"Aufderhar, Beatty and Altenwerth",9,4,79,5662
Dickens Inc,12,2,60,5550
"Hodkiewicz, Yundt and Emard",10,3,11,371
"Morar, Lubowitz and Tromp",6,1,34,1765
"Williamson, Schultz and Leannon",5,5,23,872
Haag-Dietrich,10,4,49,6391
Dickinson Inc,1,1,31,6577
Cummerata LLC,12,4,92,8840
Hills and Sons,3,1,96,6454
Nikolaus and Sons,11,4,11,6326
"Wehner, Beatty and Donnelly",8,2,56,580
Donnelly Group,5,1,57,8290
"Auer, Dicki and Wiza",10,1,2,1965
"Hegmann, Kuphal and Davis",10,1,50,7678
Heathcote-Bergstrom,5,4,42,5914
Rosenbaum and Sons,7,3,73,9728
Schulist-Nader,9,3,52,9287
Bailey Group,8,2,91,2722
O'Conner Group,2,2,97,4209
"Ryan, Schaden and Klein",10,3,14,4436
Altenwerth-Funk,2,3,33,9150
Moen-Walker,12,2,10,4628
"Altenwerth, Pollich and Schulist",9,1,80,9440
"Langosh, Sanford and Strosin",6,5,76,7807
Marvin-Runolfsdottir,12,3,21,7499
"Greenfelder, Waelchi and Hermiston",9,2,11,4747
Wunsch-Rutherford,9,4,34,4668
"Bernier, Thiel and Boyer",9,3,17,5025
Leuschke-Jast,9,3,97,1651
Daugherty-Leffler,3,2,80,1874
Cormier-Zieme,1,1,1,8164
"Halvorson, Hegmann and Walter",3,5,77,8126
Bogisich-Zemlak,9,1,54,3323
Medhurst LLC,8,4,47,3620
Rath-Smitham,7,4,56,7223
Brown-Brown,1,5,55,2838
McDermott-Leuschke,5,3,11,2670
Hettinger-Kuhic,4,3,95,727
Koch-Anderson,5,1,85,5328
Walker-Streich,11,4,4,9048
Effertz and Sons,5,1,30,3361
Hammes Group,6,2,65,7840
Heathcote LLC,6,4,94,2818
Quigley LLC,1,2,2,2386
Turcotte Group,11,2,77,3782
Hansen Inc,10,3,37,4694
Pacocha and Sons,2,2,61,7967
"Carroll, Bergstrom and Cruickshank",2,2,96,484
Lynch and Sons,8,4,3,8434
Kovacek-Green,12,4,26,5994
"Price, Carter and McKenzie",1,1,3,4226
Kertzmann-Kuhic,5,4,26,9401
Doyle-Mitchell,6,4,90,5065
Kuhlman Inc,1,3,100,2767
"Wunsch, Wolf and Stark",6,3,85,4761
Stoltenberg-Heller,11,5,98,4402
"Koch, Brown and Runolfsson",11,1,35,1114
Rolfson-Skiles,5,5,40,1267
Yost and Sons,5,3,18,3002
Stanton LLC,12,4,72,3862
Ankunding-Kunze,6,2,43,9513
Casper-Purdy,5,2,77,2219
Keebler Group,4,3,63,1144
West-Nitzsche,9,5,45,7295
Dibbert and Sons,11,4,28,222
"Kulas, Boyle and Swift",9,3,97,7520
Heathcote Inc,6,1,96,1307
Blanda LLC,11,4,86,453
"Rogahn, Boyle and Jast",3,3,44,4105
"Heller, Schowalter and Howe",1,1,2,1776
"Bogan, Connelly and Crist",7,4,81,5069
"Treutel, Stokes and Kihn",9,5,55,7343
Rempel-Goyette,10,4,10,6450
Ortiz Inc,5,1,61,9145
Hahn-Hayes,3,4,68,7660
"Marquardt, Hahn and Cormier",3,4,65,9202
Grimes-Littel,7,1,73,9639
Stark LLC,7,2,7,4660
Botsford and Sons,4,1,2,9509
Connelly Group,1,1,2,6140
Champlin and Sons,9,3,64,9863
"Schuster, Quitzon and Streich",10,5,54,7632
Tillman and Sons,6,3,26,4553
Reichel-Nolan,4,4,69,6385
"Gislason, Skiles and Kessler",8,5,1,7109
Flatley and Sons,7,3,9,4797
Corkery-Skiles,8,3,73,6429
Muller Group,9,2,21,2806
Durgan-Gutkowski,10,3,59,6333
Harvey-Waters,4,1,34,8441
Larkin LLC,2,4,5,6944
"Conn, Reichert and Nitzsche",12,1,84,433
"Windler, Krajcik and Satterfield",8,1,72,970
"Trantow, Kutch and Rosenbaum",10,3,92,2494
McGlynn Group,1,4,64,4780
Metz-Murazik,11,4,93,2769
Jerde-Balistreri,9,4,2,4604
"Kilback, Cole and Wyman",9,3,45,2610
Abbott Inc,7,2,76,5178
"Legros, Lowe and Streich",10,3,49,9267
"McCullough, Kessler and Maggio",10,5,75,8570
"O'Conner, Prohaska and Prohaska",3,2,20,165
Bosco-Wunsch,11,3,96,206
Bogan-Collier,2,2,41,2060
Goyette and Sons,8,5,64,7770
"Green, Bartoletti and Beatty",6,5,77,6982
"Bahringer, Rolfson and Morissette",7,2,81,4847
Huel-Altenwerth,12,2,66,3769
Oberbrunner Group,6,1,22,9147
Rowe LLC,3,4,16,1885
Schmidt and Sons,6,5,63,8295
"Bode, Cole and Osinski",1,1,91,6341
"Ziemann, Emmerich and Davis",2,3,73,8722
McClure LLC,10,3,31,7043
O'Conner-Turner,2,1,69,6680
Rohan-Okuneva,10,4,18,6572
"Hermann, Lubowitz and Konopelski",4,1,39,3041
Durgan LLC,11,5,27,1099
Yundt Group,4,5,15,8336
Hane-Ratke,10,1,50,1031
"Moore, Dooley and Hammes",8,4,4,993
King LLC,8,1,3,1336
Hirthe and Sons,6,2,14,4494
Lehner and Sons,12,3,66,4881
Grant and Sons,8,3,8,1532
Nolan-Erdman,9,1,10,6965
"Kling, Balistreri and Bergstrom",2,5,85,3616
"Christiansen, Lesch and Borer",11,5,30,3427
Fritsch-Keeling,9,2,4,464
Klocko-Funk,2,5,29,7826
"Borer, Donnelly and Hansen",6,5,65,9429
"Tromp, Kautzer and Schroeder",6,4,51,4481
Kertzmann-Von,2,5,87,5152
"Jacobi, Pfeffer and Torphy",9,2,14,2884
Roberts Group,9,4,12,4341
Lindgren LLC,1,4,29,3454
"Howell, Feest and Homenick",12,2,14,391
"Rau, Medhurst and Abbott",6,3,60,8695
O'Conner LLC,12,3,53,627
Stoltenberg-Zieme,8,5,11,2623
Cassin-Steuber,11,2,26,9048
Rice-Bauch,6,3,3,1263
Trantow LLC,3,1,21,5667
"Hintz, Doyle and Zieme",7,1,31,178
"Bergnaum, Kovacek and Weber",11,4,92,9975
Romaguera-Gerlach,11,3,77,3094
Shanahan Inc,6,2,99,4245
"Ernser, Renner and Glover",2,5,100,3418
"Conroy, Sporer and Ferry",12,1,41,8406
Kirlin Inc,8,2,10,5824
Blick Inc,5,4,33,6354
"Cormier, Shanahan and Jones",9,4,75,5560
Nolan Inc,7,3,15,407
Quigley Group,10,1,50,9684
"Vandervort, Simonis and Haag",1,1,6,5398
Runolfsdottir-Bednar,11,2,100,5422
O'Conner LLC,3,2,58,4446
Botsford Inc,10,4,84,5947
Balistreri Group,6,3,42,18
Kuhic-Stanton,1,1,58,9388
"Shields, Hettinger and Adams",6,2,70,7971
Torp Inc,11,3,7,30
Waelchi-Effertz,9,1,87,2074
Dooley Inc,7,2,5,6848
"Schimmel, Blanda and Zieme",5,4,24,8638
Boyer-Crooks,9,3,22,2061
Mann-Nikolaus,4,4,83,6361
Raynor Group,10,2,65,1434
Rohan Inc,12,3,37,3151
"Russel, Legros and Smitham",10,4,100,378
Hilpert-O'Keefe,2,3,63,4347
Hahn and Sons,3,2,23,5477
Stehr Group,2,4,90,609
"Cummings, O'Connell and Conroy",5,3,92,1651
Johns LLC,12,1,96,989
Koepp-Bednar,3,2,79,1414
Huels LLC,2,1,82,1100
Okuneva Group,1,5,13,4977
Wisozk-Fisher,1,2,22,6025
Fahey-Bartoletti,1,2,95,7005
Ernser-Auer,4,1,18,4941
Torp-Lebsack,10,4,77,8329
Haag-Brown,7,1,8,6137
Wunsch-Daniel,5,2,13,4607
Brown Group,4,3,3,9031
Moen-Wisoky,12,2,61,4789
Romaguera-Hirthe,4,4,81,6421
Willms LLC,2,4,75,336
Nikolaus and Sons,3,5,96,9276
Beier Inc,6,5,25,8763
Kilback-Kunde,12,5,26,5173
Considine-Considine,12,5,86,3736
Brekke LLC,6,5,81,2925
Labadie Group,8,2,19,7703
Reichert-Moore,11,4,19,2464
West LLC,4,2,10,8838
Bergstrom-Doyle,8,2,22,2002
Bartell-Stokes,6,3,87,3210
"Spinka, Steuber and Denesik",7,2,89,2061
Graham-Satterfield,12,3,38,7043
"Johns, O'Conner and Price",4,5,23,7151
Baumbach-Rogahn,1,3,67,9729
"Frami, Reilly and Kertzmann",4,3,75,8935
Torp Group,7,4,2,353
Mosciski-Bauch,2,2,30,7793
Homenick-Wiegand,5,3,63,6600
Considine Inc,6,5,9,1261
Sauer and Sons,10,1,40,5853
Schaden and Sons,9,4,70,382
Friesen and Sons,9,1,76,4302
Schuppe Group,3,3,14,1083
Moore Inc,11,4,56,6003
"Padberg, Sipes and Langworth",1,2,5,777
Fisher Group,9,4,5,645
Towne and Sons,3,1,6,4862
Anderson and Sons,6,2,2,8880
Ruecker-Wiegand,8,3,37,2816
"McGlynn, Crona and Pfeffer",11,2,34,7744
Boehm-Breitenberg,4,1,43,2311
Walsh LLC,9,4,3,1668
"Batz, Bashirian and Dach",5,2,97,9472
"Feeney, Runolfsson and Runolfsson",5,5,4,6369
Doyle-Renner,2,4,16,3007
"Rau, Kris and Ward",8,1,55,8012
"Willms, Gorczany and Schaefer",3,4,70,9511
Bins-Christiansen,11,3,64,5563
"Towne, Crooks and Feest",5,4,25,8645
Kris-Gibson,5,2,68,4377
"Kreiger, O'Keefe and Lemke",6,2,94,9990
Price-McClure,6,5,42,1607
Kirlin-Ziemann,6,4,94,381
Balistreri-Lockman,12,4,33,79
Ward-Morar,4,5,27,5234
Medhurst Group,12,1,23,6396
Schowalter Group,10,3,50,6454
"Hudson, Walsh and Abernathy",2,3,27,9087
"Yost, Crooks and Zemlak",9,2,27,3373
Stark and Sons,12,1,3,9189
Hauck and Sons,6,3,17,4172
Pagac-MacGyver,6,4,29,3784
"Baumbach, DuBuque and Quigley",11,3,96,7188
Anderson-Greenholt,10,1,65,9683
Zboncak-Schuppe,7,4,65,7012
"Walsh, Hilpert and Raynor",12,2,85,2002
Feil and Sons,8,1,28,5847
Parisian LLC,11,4,46,3493
Stiedemann Group,4,2,90,6637
"Deckow, Nolan and Farrell",6,5,94,1366
"Pfannerstill, Hintz and Schamberger",2,2,58,8903
Wisozk-Rempel,6,4,40,5825
"Hickle, Beatty and Hegmann",2,5,60,6706
Olson and Sons,11,2,86,573
Stanton and Sons,6,4,63,3883
Marks LLC,5,3,51,5677
Kris-Kuhic,7,1,29,789
"Rau, Howe and Greenholt",7,3,75,808
Stiedemann LLC,5,4,53,8789
Marquardt LLC,5,2,83,1979
Abernathy Inc,4,3,48,5047
Pfeffer-Lowe,6,2,18,145
Watsica LLC,2,5,17,6250
Weber-Hahn,8,2,23,8076
Schultz Group,9,4,31,6145
Huels and Sons,3,1,71,9707
Kohler-Jones,1,4,96,3511
Torphy Group,8,2,49,687
McCullough-Cronin,11,5,88,5316
Green and Sons,7,2,33,8049
Lemke and Sons,4,3,94,6965
Nolan Group,11,3,56,4945
"Spinka, Marvin and Bergnaum",2,4,73,4118
Botsford and Sons,3,5,7,7821
Stracke-Dare,11,1,31,4171
Donnelly and Sons,10,5,6,775
Wunsch-Quigley,11,3,55,9276
Kiehn and Sons,5,1,61,2525
"Mills, Schulist and Marks",1,2,71,2268
Beatty and Sons,1,2,19,4653
O'Connell Inc,5,4,7,8082
"McGlynn, Reinger and Cassin",7,3,52,7683
"Batz, Wyman and Harber",5,3,13,5620
"Williamson, Shields and Roberts",3,1,93,2887
Orn-Frami,12,4,49,5899
Kirlin-Cremin,1,5,33,6840
"Dibbert, Roberts and Howe",6,2,29,1154
"Shanahan, Heathcote and Wuckert",10,1,15,3962
Rolfson-Torphy,10,4,4,3154
"Kris, Kuphal and Turcotte",2,1,91,7452
Bergnaum LLC,7,5,78,1012
"Welch, Ziemann and Ondricka",3,2,72,7137
Schulist-Kilback,7,3,6,3145
Denesik Group,6,1,25,3551
"Hudson, Heller and Kirlin",5,2,43,8889
Lind and Sons,12,4,58,2053
Kirlin Inc,3,3,12,974
Price Group,2,5,83,100
Prosacco-Windler,7,1,83,8102
"Jacobi, Walker and Jenkins",2,3,50,7764
"Kerluke, Kling and Collins",11,5,60,283
Tillman-Larson,12,1,99,4985
Rempel LLC,6,1,69,926
"Hoppe, Lowe and Smitham",1,2,100,8806
Gerhold-Klein,5,2,98,4489
Bruen Group,4,5,77,416
Dicki and Sons,11,4,82,1928
"Lemke, Dickinson and Kohler",8,2,90,8836
Marvin-Smitham,3,3,86,5022
Graham-Hand,5,1,9,7603
Stroman-Roberts,7,2,25,5717
Paucek Inc,6,3,90,1846
Muller-Brakus,4,3,25,752
Flatley LLC,4,4,13,1740
Parisian Group,6,3,40,9505
Stark and Sons,6,2,49,6803
Goyette-Abbott,9,2,91,4625
Streich LLC,4,3,53,2864
Hodkiewicz LLC,8,1,43,2493
"Rath, Dickinson and Raynor",5,2,18,8650
Lynch-Rolfson,5,1,7,6028
"Kihn, Crona and Schmeler",6,5,15,2329
Nitzsche-Will,8,3,90,9257
Mosciski Group,11,1,95,4353
Herzog Group,3,4,19,4903
"Purdy, Schamberger and Mayert",4,3,70,6265
"Kertzmann, Ritchie and Hauck",12,4,74,8781
"Borer, Nienow and Cronin",8,1,81,9338
Cronin-Ullrich,2,5,40,1755
Toy-Larson,1,5,62,5072
"Bahringer, Herzog and Kreiger",5,1,89,2925
Hilll-Bruen,2,2,26,8778
Steuber and Sons,3,2,57,7047
Oberbrunner-Kovacek,5,2,61,1862
Kessler LLC,4,4,60,794
"Streich, Reynolds and Hessel",9,4,87,1231
Mann-Jaskolski,11,4,34,1973
Zemlak-Boyer,8,5,45,5724
Reynolds LLC,7,4,40,9478
Hackett-Schiller,3,3,81,2961
"Rippin, Lowe and Kautzer",9,1,19,1783
"Huels, Trantow and Ernser",12,4,84,1510
Orn-Lockman,10,2,22,2000
"Bartell, Olson and Krajcik",3,1,68,5981
"Franecki, Walter and Reichel",6,1,33,8398
"Mueller, Prohaska and Hettinger",3,5,28,6658
"Hills, Littel and Davis",8,4,43,4985
"Jones, Swift and Klocko",10,4,95,9909
Hettinger-Kuphal,10,4,65,5581
Lowe-Swift,8,3,53,7005
"Cormier, Auer and Bergstrom",9,3,51,7077
"Kreiger, Larkin and Schuppe",5,3,6,1035
Johns-Walter,9,5,13,6250
Balistreri Group,3,5,22,2420
Cole Inc,1,4,14,8074
"Brekke, Grimes and Buckridge",11,2,75,3251
Green Group,7,3,93,6506
"Homenick, Wiza and Connelly",1,5,94,1411
Mitchell LLC,7,3,30,2602
Lueilwitz-Smith,7,2,62,6950
Cronin Inc,5,2,13,7854
Stroman-Abernathy,4,2,76,7742
"Ernser, Morar and Lockman",6,3,34,6264
Krajcik Group,2,2,52,9810
Cartwright-Torp,12,4,43,5537
Larson Group,12,5,15,6129
"Shields, Casper and Block",2,5,56,8713
Schumm Inc,2,2,70,5105
Wintheiser-Harvey,8,1,16,1690
Johnston-Mann,3,2,42,5498
Gorczany-Mraz,3,2,71,5560
Botsford LLC,12,5,72,7255
Pfeffer-Veum,2,3,20,5172
Predovic-Franecki,7,1,57,4595
Jacobi Inc,1,3,81,2275
Lubowitz LLC,12,3,86,1042
Lubowitz LLC,8,3,22,5526
Heathcote-McCullough,4,5,28,8832
"Sanford, Adams and Bergstrom",2,3,55,8344
"Kunde, Lehner and Wisozk",9,5,1,273
"Mraz, Runolfsson and Reichel",4,2,35,6794
Koepp Group,1,2,74,6427
Upton Group,4,5,88,6503
"Pouros, Gerhold and Bosco",1,1,91,3457
Spinka and Sons,4,5,59,1493
Wilderman Group,4,5,46,1806
Wuckert Inc,5,1,53,1362
Champlin-McKenzie,8,3,13,1904
"Gerhold, Huel and Terry",6,2,89,4626
Grimes Inc,2,2,25,4257
Effertz-Johns,5,2,93,1792
Hansen Group,4,1,69,9660
Kuhn Group,6,4,71,843
"Erdman, Lind and Shanahan",8,4,85,5693
"Koch, Beahan and Kilback",9,4,50,3524
Grady and Sons,4,3,67,8690
Beer-Brown,4,2,48,8838
Adams Group,2,1,40,4954
"Cormier, Herzog and Gutkowski",10,2,19,6280
"Spinka, Jacobi and Turcotte",4,5,23,5233
Ledner-Cartwright,10,5,82,2328
"McKenzie, Mosciski and Kilback",2,1,42,166
"Lueilwitz, Miller and Shanahan",8,4,99,2968
Parker-Mosciski,10,3,74,5713
"Moore, Sawayn and Armstrong",5,2,58,438
Mohr LLC,3,1,81,6560
Hauck-Stanton,12,5,62,7434
Morissette-Krajcik,12,5,94,5682
"Towne, Harvey and Romaguera",11,2,84,7757
Kuvalis-Willms,12,2,77,4285
Lindgren-Hodkiewicz,8,5,8,1240
Ward Inc,2,3,81,4038
"Greenfelder, Kirlin and Stamm",1,3,17,8630
"Dare, Hyatt and Lynch",9,2,95,7596
McCullough LLC,6,4,43,3548
Gibson Inc,12,3,14,4147
Rosenbaum LLC,4,5,66,9605
Mosciski-Anderson,10,5,2,7920
"Jacobson, Hodkiewicz and Kovacek",5,1,63,1290
"Casper, Hayes and O'Connell",9,4,62,8972
Wehner-Pfeffer,4,3,14,375
Schinner-Treutel,9,5,72,6776
Gerlach-Reichert,12,2,89,2028
"Sauer, Johnson and Hilpert",3,4,43,5251
Osinski Inc,3,3,88,5528
"Koch, Wisoky and Schulist",4,5,53,6825
"Armstrong, Metz and Davis",12,2,25,4197
Wintheiser Group,11,5,31,7435
"Keeling, Fritsch and Okuneva",11,1,86,4114
Marvin-Schmeler,8,2,30,2179
Wisozk-Koch,9,2,32,4249
Brekke LLC,1,4,58,7322
Hickle and Sons,4,3,59,6890
Lueilwitz Group,3,3,40,2084
Effertz-Adams,9,1,79,9610
"Crona, Bernier and Torp",7,2,39,1427
Feil and Sons,5,3,95,9019
"Botsford, Kub and Block",12,2,23,3715
Davis-Gutmann,8,5,44,3496
Stamm Inc,12,2,3,1003
"Strosin, Stark and Schowalter",7,5,85,4084
Stanton and Sons,7,2,21,4690
"Koch, Turner and Breitenberg",9,1,41,2991
Huel-Purdy,12,1,89,568
Rohan-Schulist,8,3,76,4428
"Wiegand, Cassin and Carroll",8,2,60,182
Erdman-Wolff,2,5,53,3532
Volkman Group,10,4,21,5548
Rogahn Inc,12,4,11,7335
"Ondricka, McClure and Conroy",12,4,59,8728
Reichert Group,8,5,32,1213
Ward-Halvorson,2,3,48,4572
Lockman-Koss,8,4,1,5666
Langworth LLC,3,4,18,3917
"McCullough, Frami and Klocko",3,1,51,1125
Leuschke Group,12,4,32,5702
Wuckert-Carter,6,5,24,6909
Cummings Group,9,2,2,9623
Murphy-Abbott,6,4,30,5607
"Bosco, Crona and Trantow",11,1,49,2806
Glover LLC,9,4,13,7214
"Denesik, Braun and Monahan",4,2,15,9764
"Wilkinson, Cassin and Okuneva",3,5,28,6255
Fritsch and Sons,2,3,22,3259
Stanton Group,3,5,45,8455
Rempel-Yundt,9,3,67,3534
Gutmann and Sons,12,2,99,138
"Hyatt, Corwin and O'Keefe",1,3,52,2393
Kris Inc,2,3,5,5119
Funk and Sons,11,2,53,4483
"Ryan, Hirthe and Bartell",3,5,98,3016
Rolfson-Metz,3,5,14,4594
Flatley Group,1,4,38,663
Homenick-Collins,12,1,62,7395
Kerluke-Barrows,11,5,6,9037
Cummings Inc,10,3,43,3669
Lueilwitz-Leuschke,9,4,84,3902
"Champlin, Ferry and Toy",12,3,6,9918
"Tremblay, Maggio and Harvey",3,3,2,5009
Lemke LLC,6,1,88,4957
Padberg LLC,5,2,41,5789
Cruickshank LLC,3,5,18,2691
Bednar-Wilderman,9,3,99,5215
Johnston-Hackett,5,1,18,8510
"Christiansen, Okuneva and Hirthe",6,4,2,7431
Macejkovic Inc,2,4,52,1607
Batz Group,3,5,75,6774
Greenfelder LLC,2,5,91,2496
"Ebert, Kuvalis and Stehr",10,2,100,5538
Mills LLC,4,3,77,533
Willms-Padberg,12,2,92,5997
Purdy-Hettinger,7,5,46,7402
"Barrows, Kuphal and Marks",5,5,76,1754
Veum-Krajcik,6,3,97,2821
Lynch-Lind,6,2,41,7772
Pfeffer LLC,1,3,14,7997
Rogahn Inc,9,2,89,4604
Bergstrom-Kunze,8,3,2,6330
Becker-Sawayn,7,1,35,6841
Ferry and Sons,2,5,25,4868
Von Inc,4,4,68,7129
"Schiller, Bartoletti and Kreiger",2,5,33,8147
Muller-Schoen,2,3,4,5849
"Robel, Smith and Bednar",7,5,34,9107
Dare-Heathcote,3,3,57,6703
"O'Keefe, Hand and Greenholt",4,4,57,6834
"Reichert, Waters and Shanahan",6,1,16,5669
"Schowalter, Stehr and Gleichner",11,4,98,7581
Romaguera-Sanford,5,5,7,7444
McGlynn and Sons,6,5,98,5556
"Kunze, Kihn and Turner",4,3,36,9127
"Towne, Cremin and Wolff",8,1,9,6281
"Hane, Botsford and Hamill",2,3,78,4045
"Turner, Hilpert and Adams",11,3,54,2396
Stokes Inc,7,2,63,1558
"Turcotte, Tillman and Wehner",9,4,37,5862
Langworth Group,8,4,32,1672
"Renner, Thompson and Leannon",12,3,86,4350
Olson-O'Conner,4,4,90,9721
"Pacocha, Howe and Bergstrom",10,4,29,2237
Runolfsdottir-Rath,6,1,97,4788
Conroy-Cummerata,11,4,25,2943
Okuneva-Powlowski,2,3,45,6959
Hauck Group,1,4,9,7244
O'Hara-Kiehn,8,5,37,8393
Orn LLC,4,4,33,5885
"Gerhold, Homenick and Hilpert",11,5,100,8615
Reilly Group,7,2,83,3206
"Crist, Ferry and Gerlach",9,3,22,6839
Lemke-Turcotte,6,4,39,1603
"Cartwright, Shields and Mills",5,2,58,723
Kerluke-Mayer,9,4,15,1253
"Prosacco, Leannon and Green",3,3,26,5601
Dicki Inc,3,5,50,5892
Douglas Inc,2,2,60,5748
Batz-Stiedemann,6,5,49,6626
Schneider and Sons,6,1,44,8605
Hoppe-Gottlieb,11,2,2,9391
"Schowalter, Dietrich and Runolfsdottir",4,2,98,246
"Lindgren, Hackett and Jakubowski",12,4,61,6260
Huel Group,7,3,85,4705
Glover-Hammes,11,4,10,8013
Davis-Hoppe,5,1,88,8460
"Kshlerin, Kunze and Stroman",2,5,7,1475
"Sawayn, Buckridge and Stracke",1,2,48,637
Sawayn-Rohan,2,4,74,1977
"Kiehn, Ryan and VonRueden",8,3,72,1806
"Buckridge, Leannon and Haley",1,2,99,5690
Lowe-Rippin,9,4,84,1650
"Hamill, Hand and Bogisich",8,5,19,6645
Kshlerin-Schmitt,5,3,72,2135
"Wuckert, Price and Simonis",2,3,84,7081
"Lind, Ritchie and Douglas",10,3,49,4052
"Daugherty, Tromp and Sawayn",4,2,22,7735
Kohler LLC,8,1,80,3302
Friesen Group,1,1,62,6511
"Weber, Aufderhar and Langworth",9,2,66,4103
Bode-Cremin,6,2,36,8849
"Gleason, Abernathy and Klocko",12,2,32,1812
Walter Inc,10,1,93,1720
Braun-Bahringer,2,1,96,7004
Dickens and Sons,5,4,77,9692
Wiegand-Lemke,6,5,55,349
O'Kon LLC,11,5,37,323
"Huels, Kirlin and Macejkovic",2,4,88,3948
"Kuhic, Mann and Batz",7,3,33,7160
Kub-Hintz,5,5,59,9094
Mosciski Inc,3,3,5,7886
Wisoky LLC,10,1,6,9043
Hammes-Bartoletti,4,4,44,5138
Morar Group,4,5,87,9549
D'Amore LLC,7,5,35,6911
"Toy, Hyatt and Effertz",11,2,36,8263
"Nader, Weissnat and Hintz",10,2,60,473
Parisian-Batz,9,1,6,6780
Braun and Sons,11,1,46,5808
Senger Group,2,4,14,2519
"Breitenberg, Witting and Bayer",5,5,82,1127
"Kuphal, Denesik and Bosco",10,4,81,9391
Bosco and Sons,1,1,86,1927
"Volkman, Hyatt and Hahn",9,1,12,7213
Schamberger-Kertzmann,8,5,32,7461
"McDermott, Runolfsdottir and Prohaska",1,2,7,9490
Beatty-Gusikowski,9,1,7,1405
"Luettgen, Kiehn and Koepp",7,2,9,536
Conn Group,3,1,24,1308
Goyette and Sons,11,2,26,9330
Mante LLC,3,2,28,686
Tremblay-Hermann,3,3,24,8363
Hayes-O'Connell,11,5,98,6717
Hudson-Fay,4,4,67,7634
Bernier-Blick,8,1,81,841
Schneider-Friesen,8,4,47,4104
Fadel-Ratke,7,4,24,5170
Bednar and Sons,4,3,7,5414
Feil-Mills,9,2,46,7285
"Tillman, Hessel and Hansen",12,2,17,7257
"Abernathy, Stanton and Leannon",10,5,68,9480
O'Keefe-Parisian,3,2,62,3899
Gibson and Sons,12,4,87,5800
Jacobi-Schuster,8,3,92,836
"D'Amore, Satterfield and Turcotte",8,1,41,9298
"Wolff, Kihn and Powlowski",5,5,75,7585
Bahringer-Emard,9,2,38,2159
Kub-Treutel,8,1,45,3459
"Rogahn, Mitchell and Swaniawski",11,1,12,8667
Russel Inc,2,3,47,1551
Huel and Sons,1,1,40,3137
Casper-Nicolas,8,5,42,9284
"Grady, Haley and Roob",7,5,65,3971
Connelly-Gerhold,5,4,71,8185
Strosin-Klein,5,5,61,9248
Kovacek Inc,1,5,21,8862
Collins-Bergnaum,12,1,33,1940
Schulist and Sons,8,1,98,1836
"King, Kerluke and Fay",1,2,18,1663
Lehner-Jast,10,3,100,723
Williamson Inc,9,3,83,8396
Little and Sons,12,4,6,5216
Langworth Inc,3,2,26,3143
"Beahan, Klein and Prohaska",4,3,20,5276
Hintz and Sons,3,4,72,2379
"Batz, Durgan and Denesik",7,4,27,675
Nitzsche Group,10,1,63,8754
Carroll Inc,5,1,22,7398
DuBuque-Daugherty,9,1,48,8954
Nitzsche LLC,3,3,61,4898
"Casper, Bradtke and Murphy",2,1,46,5381
Willms-Lindgren,9,2,23,2620
Kassulke-Casper,9,1,2,5615
McKenzie-Johns,5,5,27,4906
Bayer and Sons,3,1,56,5449
Ledner-Wolf,6,2,43,365
Effertz-Bradtke,4,2,99,9088
Lesch-Block,3,5,84,8182
Turcotte-Cummerata,6,5,100,6733
"Schowalter, Ruecker and Spencer",12,2,46,5527
Zboncak Inc,5,3,1,4168
"Pacocha, Simonis and VonRueden",10,1,85,960
Stark-Stracke,2,4,85,6977
Champlin Inc,8,2,96,968
Champlin-Swift,3,4,82,5845
"Murray, Sauer and D'Amore",5,2,18,1423
"Runolfsdottir, MacGyver and McClure",1,5,90,8802
"Willms, Bosco and Kunze",8,2,24,3595
Kulas LLC,7,2,55,3806
"DuBuque, Botsford and Roob",6,1,57,6612
Skiles and Sons,8,1,63,7406
Mills-Aufderhar,9,4,11,612
Hand Inc,8,3,59,8856
Stiedemann-Fritsch,11,4,50,1203
"Labadie, Bednar and Abshire",8,2,89,8397
Kilback-Barrows,4,2,6,4235
Nienow and Sons,4,5,58,8793
O'Kon and Sons,2,3,84,9533
"Muller, Schamberger and Brekke",2,1,16,1484
Connelly Group,8,2,28,607
Nienow-McCullough,3,4,72,3523
Moen and Sons,12,1,35,2788
"Muller, Schultz and Franecki",3,3,56,3605
Morissette-Orn,3,3,79,7183
Schumm Inc,4,2,90,1537
Renner-Hoppe,12,2,72,4807
Green Group,6,1,20,8528
Strosin Inc,9,1,12,6414
Corwin Group,4,5,15,8329
"Kris, Rolfson and Wisozk",2,4,39,2962
Wiza Group,1,4,72,5334
"Thompson, Jerde and Roberts",5,4,35,8767
Hudson-Steuber,3,5,59,2623
Kertzmann-Ullrich,9,1,85,909
"Ortiz, Kemmer and Quitzon",12,4,42,8902
Graham Inc,11,2,79,8569
Flatley Group,5,3,29,4463
Gottlieb-Wiegand,11,4,50,9537
Johnston LLC,1,5,14,9012
Kozey-Breitenberg,11,2,13,898
Cronin-Gutmann,12,5,12,7807
Rau LLC,4,3,73,1216
Turcotte-Jenkins,8,1,46,2946
Schmidt LLC,1,5,54,6628
"Bogan, Boehm and Fisher",11,3,95,4258
Considine-Lindgren,7,4,23,712
Kshlerin-Zulauf,2,2,80,6926
Raynor-Mayert,9,3,10,1378
Schowalter LLC,5,1,30,3009
"Breitenberg, Lakin and Bogisich",5,4,71,4802
Skiles and Sons,8,4,49,657
"Spencer, Gottlieb and Russel",4,1,68,7925
"White, Crona and Carroll",5,2,6,412
Heidenreich and Sons,5,4,8,4842
Gorczany-Nienow,2,4,22,8229
Simonis-Fritsch,3,2,81,7680
"Feest, Crist and Gutkowski",11,5,72,3248
Howe Group,8,1,22,729
"Carroll, Smith and Dietrich",11,1,82,1368
"Langworth, Wintheiser and Connelly",8,2,53,4575
"Gottlieb, Schmeler and Moore",10,3,38,7795
Kautzer-Mills,4,1,87,3415
Lueilwitz-Ruecker,12,3,96,907
Beahan-Lehner,9,3,33,5095
"Robel, Wyman and Lehner",1,1,25,1509
Dooley LLC,3,5,20,267
"Hilpert, Fahey and Kuhic",1,3,21,5858
"Schowalter, Legros and Koepp",10,5,73,3550
"Weissnat, Waelchi and Wilkinson",4,2,88,5174
Gorczany-Wolff,5,3,26,572
Terry-Cartwright,4,5,55,407
Watsica LLC,1,1,17,2616
O'Hara-Bergnaum,5,2,49,5882
Vandervort LLC,7,4,70,1682
Rath-Rogahn,2,1,41,9528
Douglas and Sons,7,5,15,3484
Hettinger Group,11,4,76,8192
"Pacocha, Konopelski and Towne",12,4,81,6907
White and Sons,6,2,45,6846
Rogahn Group,5,2,88,6604
"Marks, Corwin and Olson",9,1,22,8620
Hyatt-Yundt,1,3,57,7635
Tromp LLC,10,5,90,3030
Sporer Group,4,1,89,8152
Cartwright-Jacobson,3,2,96,1341
"Denesik, VonRueden and Collier",10,2,96,1199
"Mitchell, Pouros and Brown",12,4,57,1310
Konopelski-Ward,5,1,28,4776
Volkman-Johnston,3,4,90,2102
Glover LLC,2,5,64,4170
"Paucek, Orn and Welch",6,4,4,5383
Weimann-Marvin,8,3,3,9053
"Kling, Lebsack and Stehr",1,4,55,9144
Cummerata Inc,9,5,73,9525
"Schneider, Rempel and Mosciski",10,5,45,2321
Runolfsson-Quitzon,12,1,69,2913
"Fritsch, Nicolas and Hyatt",10,2,3,1000
"Green, Marquardt and Feil",2,3,43,6760
"Konopelski, Gleichner and Hermiston",10,2,8,6617
"Crona, Feil and Goldner",2,4,49,4342
Zemlak Inc,6,5,7,4389
Prosacco-Hirthe,3,4,69,3975
Hermann-Jenkins,3,2,55,6073
Nolan-Halvorson,10,1,30,872
"Muller, Legros and Kuhic",5,2,29,858
D'Amore LLC,5,4,1,39
Marquardt and Sons,9,1,56,19
Padberg-Sawayn,10,1,26,4035
Parker LLC,8,5,4,8461
Dickens and Sons,7,4,76,8292
Lynch and Sons,7,4,1,6589
"Tromp, DuBuque and Simonis",10,2,54,2644
Pacocha-Sawayn,4,3,62,3294
Wiegand Inc,11,4,45,8057
Kemmer-Price,2,1,92,46
Heidenreich-Lang,11,1,67,2090
O'Hara LLC,8,3,87,427
Satterfield Group,6,2,94,5847
"Brown, Rogahn and Welch",9,5,45,4205
"Denesik, Ruecker and Mueller",4,4,94,3384
Senger Inc,2,2,25,663
Lueilwitz-Kovacek,8,5,25,6620
"Kub, Towne and Herman",10,3,52,558
Strosin-Tromp,8,5,28,6798
"Douglas, Wilderman and Quigley",6,4,17,8304
"Dickinson, Bayer and Hammes",7,1,4,8717
Wiegand LLC,3,4,22,7915
"Rogahn, Mohr and Ruecker",12,4,81,3221
Renner and Sons,11,4,36,5638
"Mills, Baumbach and Klocko",4,2,88,7946
Rippin-Gutkowski,6,5,69,9347
Moen-Schimmel,1,3,94,578
Keeling Group,8,2,48,7832
Bruen and Sons,9,5,42,4473
Glover Group,8,1,97,4972
Wisozk-Feil,1,5,25,848
"Schinner, Becker and Weber",1,4,53,7524
Lesch-Gutmann,7,3,79,9625
"Carter, Barton and Willms",12,4,54,8944
"Walsh, Mayer and Turner",10,2,73,3157
Raynor-McDermott,6,2,73,5584
Mueller-D'Amore,10,4,39,6158
"Torp, Wuckert and Stroman",10,5,42,2966
Bins-Bauch,11,1,2,398
Tillman Group,6,2,96,8350
"Jacobi, Wyman and Littel",8,5,100,9799
"Sanford, Schuppe and Quigley",7,1,18,8898
O'Kon-Lowe,8,1,48,161
Bode-Pagac,6,1,22,7755
Volkman-Ziemann,8,5,46,6553
Robel-Leffler,7,4,85,9736
Kihn-McDermott,7,3,40,4455
"Shields, Schuster and Lesch",6,1,93,7307
"Streich, Stokes and Balistreri",2,2,64,519
"Baumbach, Prosacco and Ward",7,3,75,2494
"McGlynn, Price and McKenzie",1,2,99,2131
Gutmann-Schoen,4,3,60,4558
Lockman-Schroeder,12,4,73,3430
Fritsch-Jones,6,2,100,3243
Senger-Cummerata,7,4,36,6283
Botsford Group,9,4,5,2687
"Williamson, Jenkins and Mitchell",6,4,28,1015
Lemke Inc,7,5,68,7394
Bogan Group,10,4,36,818
Morar-Pouros,2,2,59,3223
Bechtelar-Schmeler,4,1,89,8055
Borer and Sons,4,1,32,3673
Konopelski Group,11,3,80,7217
Dooley Group,11,5,38,6563
Rowe and Sons,3,2,35,4593
Maggio LLC,8,5,82,470
Sauer Inc,9,2,3,5767
Kautzer and Sons,6,5,49,6342
Padberg-Howe,7,3,3,4552
"Lakin, Luettgen and Corwin",5,4,69,170
"Cartwright, Johnson and Mitchell",2,2,22,3161
"Graham, Bins and Abernathy",2,5,47,8055
Jenkins and Sons,10,3,94,7348
"Heaney, Bayer and Daugherty",3,2,64,5475
Hoppe LLC,6,5,36,4062
Thompson-Jerde,9,3,12,1393
"Batz, Murphy and Abbott",9,5,12,2295
Gulgowski LLC,3,4,11,6055
Graham-Green,4,4,20,4635
Thiel-Farrell,10,3,80,8851
Bailey-McKenzie,4,5,67,8878
Balistreri LLC,6,4,17,9228
Wunsch-Cremin,10,1,59,856
"Shields, Emard and Ernser",10,2,87,283
"Abbott, Goodwin and Wyman",7,3,2,5774
Okuneva Inc,11,5,44,5910
"Kling, Gerlach and Stanton",11,5,34,3054
"Mills, Davis and Graham",12,2,92,434
Altenwerth Inc,10,5,3,8717
"Harber, Schroeder and Ryan",11,1,50,5860
Mraz-Altenwerth,7,1,45,5260
Mann-Green,3,1,68,1863
"Wehner, Flatley and Senger",5,4,51,3041
"Franecki, Gutkowski and Bashirian",2,2,16,3055
Moen LLC,4,5,13,4070
Harvey Group,9,5,76,259
"Dach, Schulist and Kuhn",2,2,60,923
"Wiegand, Wilderman and Orn",3,1,77,7594
Muller-Ferry,6,5,79,6477
Pagac and Sons,12,3,72,8988
"Kling, Johnson and Wuckert",7,3,85,5569
Weimann Inc,3,1,91,6518
Steuber-Vandervort,10,4,20,2473
Champlin-Nader,2,4,42,4767
Rosenbaum-Schuster,5,2,44,2977
Larson-Kunde,7,5,7,8307
Jacobson LLC,9,2,41,8207
Erdman-Nader,8,5,98,4005
Weimann-Goldner,7,5,14,1622
Kozey-Nolan,6,4,72,7507
Quitzon and Sons,11,4,28,7714
"Fay, Robel and Kling",11,4,91,3935
Haley-Stanton,2,1,43,2334
Gulgowski-Howe,7,3,51,2712
Mann and Sons,1,3,18,469
Bashirian and Sons,9,2,59,6849
Ortiz and Sons,2,4,50,4945
Bergstrom and Sons,9,1,30,5205
Mayer-Stiedemann,11,5,16,2628
"Cronin, Buckridge and Schimmel",6,2,71,5501
Stehr Group,12,3,37,424
Williamson-Ziemann,8,5,37,1558
"Leannon, Bahringer and Kuhic",7,1,69,3274
Rolfson LLC,2,4,64,362
"Parker, Reilly and Lehner",1,3,68,7311
Prosacco Group,11,5,14,3540
Kautzer LLC,4,3,26,1689
Schoen-Dicki,10,1,78,1511
"Gerhold, Wiza and Olson",5,4,5,6888
Hickle LLC,9,4,88,4884
Barton Group,7,3,95,1353
Green Group,12,2,49,7767
Walker Group,5,3,7,8119
Collins and Sons,3,1,29,6628
"Hauck, Langosh and Ledner",12,5,53,7271
Kozey-Conn,11,4,97,2153
"Conn, Douglas and Dooley",9,2,78,5661
Runolfsson Inc,10,2,3,6333
Beatty LLC,6,5,82,3391
Koelpin-Johns,10,3,89,7734
"Emard, Waters and Prohaska",2,5,40,1868
Fisher LLC,7,4,48,5342
Feil Inc,7,4,15,5985
"Mohr, Murazik and Kutch",10,4,62,9526
"Yost, Turcotte and Robel",9,3,70,5641
Will-Kuhlman,11,5,13,7267
"Berge, Senger and Ledner",2,3,20,9270
"Schmitt, Satterfield and Leuschke",5,1,98,1727
"Kuvalis, Zieme and Steuber",12,4,74,1936
Mohr-Glover,6,5,62,4222
Olson Group,8,3,84,138
"Bins, Langworth and Bogisich",12,1,30,9241
Collier-Durgan,8,2,65,4295
"Parker, Davis and Pouros",11,3,23,8470
"Lakin, Kemmer and Cremin",4,1,91,6138
"McCullough, Macejkovic and Beatty",12,5,46,3266
Harber-Stiedemann,1,4,53,649
"Hermiston, Dickinson and Fisher",1,1,42,1821
Schaefer-Will,5,3,7,2953
Baumbach-Emmerich,12,2,57,4648
Gulgowski LLC,6,1,77,6483
Gutmann-Lynch,9,5,9,33
"Ankunding, Harris and Yost",2,4,8,6693
"Ernser, Glover and Mills",3,2,61,7907
"Conroy, Weber and Ward",12,1,6,66
Weissnat Inc,12,2,23,673
Dickens-Hills,10,2,42,8540
Runolfsdottir-Berge,9,3,61,5517
Pfeffer Group,6,2,49,8248
Marvin and Sons,8,5,1,128
Runte Group,5,4,17,866
Gulgowski-Beatty,10,4,44,619
Medhurst-Weissnat,1,3,69,8579
Pfannerstill-Jenkins,10,2,35,2197
Hessel-Jaskolski,8,4,56,8338
Haag Group,7,4,7,6337
"Johnson, Schmitt and Mertz",11,2,56,3476
Cole Group,1,1,30,7254
"Frami, Haag and Lueilwitz",6,4,21,4484
"Hirthe, Goyette and Kirlin",7,4,77,344
"Franecki, Tremblay and Ankunding",2,4,22,9729
"Mueller, Stamm and Kihn",3,2,26,1280
"Turner, Luettgen and Skiles",4,3,44,9415
Lynch Inc,1,5,44,8700
"Will, Rowe and Herman",7,2,53,1353
Hagenes and Sons,5,1,89,5128
"Rutherford, Dooley and Dietrich",2,5,99,3957
"Hettinger, Quigley and Wolff",6,4,84,5103
Mraz-Hamill,2,5,50,1675
Leuschke Group,10,1,54,4708
Wolff-Denesik,6,1,20,5797
"Auer, Kuhlman and Schneider",8,2,29,1128
"Zboncak, Crona and Daugherty",2,2,62,5516
"O'Hara, Bailey and Ankunding",11,3,27,826
Doyle-Collins,4,3,38,4463
Ratke-Mertz,2,1,57,9754
"Bednar, Terry and Hermann",2,2,12,9802
Wuckert-Greenholt,6,5,44,2454
Green LLC,9,1,32,7953
"Hickle, Purdy and Kessler",3,2,10,404
"Herman, Weimann and Dietrich",12,5,72,7383
"Casper, Quitzon and Rippin",5,5,30,4594
Cartwright Group,11,5,94,9946
Smith-Ruecker,5,4,3,4414
"Ebert, Ziemann and Mosciski",7,5,21,5975
Heaney LLC,8,1,16,3999
Windler-Zieme,8,2,92,1815
Larkin and Sons,4,2,16,7430
Smith and Sons,10,2,97,2607
Kiehn Inc,6,2,73,586
Schuster-McCullough,9,5,54,8972
"Kohler, Wilderman and Kassulke",12,3,9,5727
Parisian Group,4,5,11,2924
"Kris, Adams and Blick",10,2,39,8508
Legros and Sons,10,1,23,7145
Brakus Inc,7,4,41,4662
Trantow Group,8,5,97,1443
"Thiel, Stracke and Batz",5,4,85,6304
"Boehm, Waters and Bahringer",5,5,88,2741
Emmerich-Beatty,3,5,46,7014
"Towne, Koch and Stroman",12,1,56,9963
"Kirlin, Yost and Upton",7,4,73,8375
Zieme-Padberg,7,1,74,54
Hettinger Inc,8,2,7,3424
Boehm and Sons,4,4,30,4074
"Greenholt, Gibson and Erdman",7,2,22,2094
Boyer and Sons,1,2,72,5266
"Stoltenberg, Weimann and Cummings",1,5,62,366
Torp-Skiles,5,1,30,2803
Farrell Inc,11,2,26,9798
Hansen and Sons,11,2,5,4808
Langosh Inc,2,5,40,7136
"Monahan, Pfannerstill and Spencer",11,5,94,4846
